book_id,tag_id
1,7169
1,2408
2,24549
2,225
2,225
2,212
2,194
2,194
2,194
3,6065
3,3163
3,1771
3,1025
3,1006
3,786
3,725
3,594
3,571
3,528
5,3618
5,2960
5,520
6,7472
6,3597
6,1130
6,565
8,25
10,127
10,31
10,25
11,32303
11,1555
11,225
11,155
11,129
11,127
11,124
11,123
11,115
13,551
13,225
13,127
13,89
13,89
13,61
13,39
13,39
13,31
13,26
13,25
13,25
13,25
13,25
21,3160
21,130
21,61
21,42
21,31
21,31
21,31
21,31
21,31
24,31
24,31
24,31
24,31
24,25
25,115
25,91
25,42
25,31
25,26
25,25
26,89
26,26
26,25
27,91
27,61
27,39
27,31
28,123
28,42
28,31
28,26
28,26
28,25
28,25
28,25
29,26
29,26
29,26
29,26
29,25
29,25
30,42
30,39
30,39
30,31
30,26
30,26
30,26
33,136
33,130
33,130
33,124
33,119
33,100
33,100
33,89
33,89
34,31618
34,7187
34,1555
34,943
34,194
34,155
34,127
34,124
34,124
34,119
34,119
34,115
34,115
34,115
36,31
50,165
50,145
50,136
50,123
50,100
50,91
50,91
50,42
50,42
50,42
50,42
50,39
50,39
50,39
50,39
67,212
67,98
67,61
67,39
67,39
67,25
67,25
93,676
93,508
93,89
93,31
93,26
93,26
93,26
93,26
98,25
105,119
105,31
106,155
106,31
106,31
106,31
106,26
106,26
106,25
106,25
112,2762
112,98
112,61
112,42
112,42
112,39
112,31
112,31
112,26
112,26
112,25
112,25
112,25
117,12731
117,26
117,25
119,2949
119,89
122,1345
122,89
122,42
122,31
122,31
122,25
122,25
231,130
231,39
249,42
249,31
249,26
249,25
249,25
250,39
250,31
250,26
250,25
264,98
264,39
264,39
264,31
264,31
264,31
264,26
264,25
264,25
264,25
264,25
264,25
275,17593
275,155
275,130
275,98
275,42
275,31
275,26
275,26
275,26
275,25
275,25
275,25
275,25
291,25
295,412
295,155
295,129
295,91
295,61
304,571
304,25
320,124
320,123
320,98
320,98
320,89
343,129
343,61
343,61
343,61
343,42
343,42
343,39
343,39
348,39
348,26
350,3012
350,136
350,130
350,42
350,39
350,31
350,31
350,26
350,26
350,26
353,931
353,31
353,26
353,25
355,2841
355,61
355,39
355,26
357,130
357,42
357,39
357,31
357,26
357,26
357,25
357,25
357,25
359,155
359,26
359,26
359,25
360,2434
360,1318
360,194
360,89
360,42
360,39
360,39
360,31
360,31
360,25
360,25
360,25
360,25
360,25
365,100
365,61
365,61
365,42
365,31
365,31
365,26
365,25
365,25
378,124
378,91
378,61
378,61
378,61
378,42
378,42
378,42
378,39
378,39
378,39
378,39
378,39
386,565
386,182
386,61
386,31
400,61
400,61
400,31
400,26
400,26
415,124
415,123
415,115
415,61
415,31
415,31
415,31
415,26
415,26
415,26
415,26
415,25
415,25
415,25
415,25
424,1404
424,42
424,42
424,31
424,25
424,25
428,123
428,26
428,25
428,25
431,127
431,123
431,100
431,89
431,31
431,26
431,26
432,26
432,25
432,25
446,26
446,25
447,91
447,25
447,25
449,26
456,42
456,39
475,61
475,39
475,26
475,26
475,26
599,42
599,25
621,115
629,165
629,129
629,115
629,42
629,42
629,39
629,39
629,39
629,39
629,31
629,31
629,31
629,26
629,26
629,26
629,26
629,26
629,26
629,25
629,25
629,25
647,26
647,25
656,3173
656,1214
656,194
656,194
656,129
656,129
656,115
656,98
656,91
656,61
662,3165
662,2290
662,412
662,182
662,98
662,98
662,42
662,42
662,42
662,39
662,39
665,25
665,25
667,679
667,124
667,61
667,61
667,42
667,42
667,31
667,31
667,31
667,26
667,26
667,26
667,25
667,25
667,25
667,25
667,25
668,31
668,31
698,42
698,39
698,26
703,98
703,91
703,61
703,42
703,39
703,31
703,26
703,25
706,145
706,123
706,39
706,31
706,31
706,26
706,25
760,124
760,115
760,42
760,26
760,26
760,26
760,25
760,25
771,2944
771,39
771,39
771,31
771,26
771,26
771,26
771,25
816,155
816,127
816,124
816,89
816,39
816,39
816,31
816,31
816,26
816,26
816,26
816,26
816,25
816,25
816,25
822,145
822,42
822,39
822,26
822,26
822,26
822,25
823,412
823,98
823,39
823,39
823,26
825,25
827,1470
827,91
827,31
827,25
827,25
827,25
830,908
830,136
830,115
830,115
830,100
830,89
830,42
830,39
830,39
830,31
830,31
830,31
830,26
830,26
830,26
830,26
830,25
830,25
830,25
840,31
865,3089
865,1360
865,520
865,165
865,155
865,145
865,136
865,127
865,124
865,124
865,119
865,100
870,2960
870,100
870,98
870,39
870,31
870,31
870,31
870,31
870,31
870,26
870,25
880,31
890,930
890,679
890,677
890,260
890,182
890,155
890,136
890,136
890,100
890,100
890,98
890,98
902,1545
902,124
902,123
902,98
902,42
903,182
903,61
903,26
903,26
930,7195
930,6341
930,1748
930,551
930,260
930,127
930,123
930,119
930,119
930,115
930,91
952,98
952,61
952,42
952,39
960,26678
960,4563
960,165
960,165
960,155
960,127
960,123
960,115
960,98
968,786
968,725
968,260
968,225
968,212
968,194
968,155
968,145
968,129
968,119
968,115
968,115
968,115
968,100
968,100
976,155
976,119
976,119
976,100
976,91
976,61
976,42
976,39
976,39
976,31
998,100
998,31
998,25
998,25
1005,61
1005,42
1005,39
1005,31
1005,25
1005,25
1005,25
1032,89
1052,119
1052,100
1052,91
1052,42
1052,26
1052,26
1052,25
1067,565
1067,127
1067,124
1067,89
1067,31
1067,25
1067,25
1067,25
1078,123
1078,61
1078,61
1078,42
1078,39
1078,39
1078,31
1078,31
1078,31
1078,31
1078,31
1078,26
1078,26
1078,26
1078,26
1078,25
1097,1548
1097,31
1097,26
1097,26
1097,25
1103,155
1103,127
1103,119
1103,100
1103,61
1103,42
1103,42
1103,31
1103,31
1110,3160
1110,145
1110,89
1110,42
1110,31
1110,31
1110,31
1110,26
1110,25
1171,42
1171,31
1191,39
1191,25
1192,136
1192,25
1202,2959
1202,228
1202,129
1202,98
1202,91
1202,42
1202,42
1202,42
1202,42
1202,42
1202,42
1202,39
1202,39
1202,39
1202,39
1232,6875
1232,2973
1232,928
1232,864
1232,225
1232,155
1232,155
1232,123
1232,123
1232,98
1232,91
1232,89
1241,136
1241,123
1241,39
1241,31
1241,26
1241,26
1241,25
1241,25
1274,89
1274,42
1274,39
1274,39
1274,26
1274,26
1274,26
1274,25
1295,100
1295,42
1295,39
1295,39
1295,31
1295,31
1295,26
1295,25
1295,25
1295,25
1301,130
1301,115
1301,100
1301,25
1303,25
1305,39
1305,39
1305,26
1305,26
1319,39
1319,31
1319,26
1319,26
1362,165
1362,39
1362,31
1362,25
1362,25
1362,25
1371,194
1371,130
1371,89
1371,61
1371,61
1375,91
1375,39
1375,39
1375,31
1381,680
1381,145
1381,98
1381,61
1420,14487
1420,3145
1420,136
1420,119
1420,100
1420,100
1420,98
1420,98
1420,91
1426,31
1428,130
1428,124
1428,89
1428,61
1428,39
1428,31
1428,31
1428,26
1428,25
1430,165
1430,129
1430,123
1430,31
1430,26
1430,26
1430,26
1430,26
1430,26
1431,130
1431,89
1431,42
1431,42
1431,42
1431,39
1431,26
1431,26
1431,25
1431,25
1431,25
1431,25
1519,127
1519,124
1519,26
1519,26
1524,124
1524,31
1524,26
1540,98
1540,61
1540,39
1540,25
1540,25
1540,25
1554,61
1554,61
1554,61
1554,42
1554,39
1554,31
1554,31
1554,26
1554,26
1554,26
1554,25
1554,25
1554,25
1591,194
1591,127
1591,124
1591,31
1591,31
1617,412
1617,155
1617,155
1617,129
1617,123
1617,98
1617,91
1617,89
1617,89
1618,89
1618,42
1618,42
1618,39
1618,39
1618,31
1618,31
1618,31
1622,182
1622,145
1622,129
1622,98
1622,98
1622,89
1622,61
1622,61
1624,7791
1624,155
1624,61
1624,39
1624,39
1624,31
1624,31
1624,26
1624,26
1625,1771
1625,1555
1625,1006
1625,145
1625,129
1625,89
1625,89
1625,61
1625,42
1625,42
1625,42
1625,39
1625,26
1625,26
1625,26
1625,25
1625,25
1627,100
1627,61
1627,42
1627,31
1627,26
1627,26
1627,26
1627,25
1633,8942
1633,124
1633,31
1633,26
1633,26
1633,25
1635,115
1635,31
1635,31
1635,26
1715,127
1715,100
1715,98
1715,42
1715,31
1715,31
1715,31
1715,31
1715,26
1715,26
1715,26
1715,25
1715,25
1823,39
1823,31
1824,39
1842,1703
1842,61
1842,42
1842,42
1842,42
1842,39
1842,39
1842,39
1842,31
1842,31
1842,31
1842,31
1842,31
1842,31
1842,31
1842,26
1842,26
1842,26
1842,26
1842,25
1842,25
1842,25
1845,91
1845,61
1845,61
1845,61
1845,42
1845,42
1845,42
1845,42
1846,98
1846,61
1846,39
1846,31
1846,26
1846,25
1848,520
1848,155
1848,119
1848,119
1848,89
1848,61
1848,42
1848,31
1848,31
1848,31
1848,31
1848,26
1848,26
1848,26
1848,25
1848,25
1848,25
1849,130
1849,39
1849,25
1849,25
1852,7195
1852,2967
1852,679
1852,225
1852,100
1852,98
1852,91
1852,91
1852,42
1852,42
1852,42
1852,42
1852,39
1852,39
1869,42
1869,31
1869,31
1869,31
1869,26
1869,25
1869,25
1875,129
1875,127
1875,61
1875,26
1875,25
1875,25
1885,31163
1885,11000
1885,4333
1885,2943
1885,1401
1885,679
1885,515
1885,260
1885,225
1897,26
1898,1345
1898,130
1898,119
1898,61
1898,42
1898,42
1898,39
1898,31
1898,31
1898,26
1898,26
1898,25
1898,25
1911,124
1911,61
1911,42
1911,31
1911,26
1911,26
1911,26
1911,25
1934,5990
1934,508
1934,225
1934,165
1934,145
1934,145
1934,119
1953,228
1953,155
1953,145
1953,136
1953,127
1953,127
1953,123
1953,119
1953,115
1953,100
1953,91
1953,89
1953,89
1990,182
1990,98
1990,31
1990,26
2002,39
2049,42
2049,26
2049,26
2050,1130
2050,42
2050,39
2050,31
2050,25
2052,42
2052,39
2052,39
2052,31
2052,31
2052,31
2052,26
2052,25
2052,25
2052,25
2052,25
2052,25
2052,25
2054,42
2054,39
2054,31
2054,31
2054,25
2067,15525
2067,25
2068,25
2094,145
2094,39
2094,31
2094,26
2094,26
2094,26
2095,42
2095,39
2095,26
2122,119
2122,100
2122,98
2122,91
2122,89
2122,61
2122,61
2122,39
2122,39
2122,31
2137,39
2137,31
2137,25
2152,39
2152,26
2152,25
2152,25
2156,14048
2156,3048
2156,412
2156,145
2156,136
2156,119
2156,115
2156,115
2156,98
2156,98
2156,98
2156,89
2156,89
2159,39
2159,39
2159,25
2159,25
2165,228
2165,182
2165,165
2165,127
2165,119
2165,100
2165,98
2165,61
2165,61
2165,61
2175,531
2175,212
2175,98
2175,91
2175,89
2175,61
2175,61
2175,42
2175,42
2175,42
2183,89
2183,26
2183,25
2183,25
2187,7904
2187,165
2187,98
2187,98
2187,91
2187,91
2187,91
2187,89
2187,61
2199,6008
2199,3124
2199,677
2199,100
2199,98
2199,91
2199,89
2199,42
2199,31
2199,26
2199,26
2199,26
2199,25
2199,25
2199,25
2199,25
2199,25
2203,3109
2203,123
2203,61
2203,42
2203,39
2203,31
2203,31
2203,31
2203,31
2203,31
2203,26
2203,25
2203,25
2203,25
2255,127
2255,25
2265,89
2265,31
2279,182
2279,31
2279,31
2279,25
2368,127
2368,39
2371,3162
2371,26
2372,225
2372,123
2372,31
2372,26
2373,927
2373,528
2373,100
2373,89
2373,42
2373,39
2373,25
2430,31
2442,145
2442,124
2442,115
2442,42
2442,39
2442,39
2442,26
2442,26
2442,25
2493,129
2493,98
2493,91
2493,61
2493,42
2493,42
2493,42
2517,515
2517,145
2517,98
2517,89
2517,42
2517,42
2517,31
2517,31
2517,31
2517,25
2517,25
2526,412
2526,145
2526,98
2526,91
2526,61
2526,61
2526,39
2526,39
2526,31
2526,31
2526,31
2528,2552
2528,31
2528,25
2530,25
2547,1270
2547,136
2547,136
2547,127
2547,91
2547,42
2547,31
2547,26
2547,26
2547,25
2612,127
2612,98
2612,42
2612,42
2612,42
2612,39
2612,39
2612,39
2615,155
2615,42
2615,42
2615,42
2615,39
2615,25
2623,3134
2623,515
2623,194
2623,182
2623,165
2623,123
2623,98
2623,91
2623,89
2657,3059
2657,2992
2657,2956
2657,930
2657,508
2657,508
2657,228
2666,31
2666,31
2666,26
2666,25
2677,61
2677,31
2677,26
2677,25
2696,100
2696,98
2696,91
2696,61
2696,61
2696,61
2696,42
2696,39
2696,31
2696,31
2696,31
2696,26
2696,25
2696,25
2696,25
2696,25
2715,61
2715,26
2715,26
2715,25
2715,25
2743,91
2743,61
2743,31
2743,26
2743,26
2744,165
2744,115
2744,61
2744,61
2744,39
2748,3030
2748,31
2748,31
2767,4610
2767,165
2767,31
2767,31
2767,26
2767,25
2767,25
2767,25
2767,25
2784,89
2784,89
2784,61
2784,39
2784,31
2794,1685
2794,91
2794,61
2794,39
2794,39
2794,39
2794,31
2794,31
2794,26
2794,25
2794,25
2794,25
2839,194
2839,155
2839,119
2839,89
2839,61
2839,61
2865,2943
2865,677
2865,260
2865,130
2865,124
2865,123
2865,100
2865,42
2865,42
2865,39
2865,31
2865,31
2865,26
2865,26
2865,26
2865,25
2865,25
2865,25
2865,25
2865,25
2872,39
2872,26
2872,26
2872,25
2873,127
2873,98
2873,61
2873,26
2873,25
2879,39
2880,182
2880,31
2880,31
2880,25
2880,25
2915,31
2915,26
2932,4566
2932,89
2932,42
2932,42
2932,39
2932,39
2932,31
2932,31
2932,31
2932,31
2932,31
2956,3227
2956,1272
2956,571
2956,518
2956,225
2956,225
2956,145
2956,136
2956,130
2956,130
2956,130
2956,123
2956,119
2956,115
2956,91
2956,91
2956,91
2978,26
2998,145
2998,136
2998,124
2998,119
2998,100
2998,91
2998,89
3008,228
3008,155
3008,124
3008,98
3008,42
3008,39
3008,39
3008,39
3028,115
3028,61
3028,39
3049,61
3049,61
3049,42
3049,31
3049,31
3049,31
3049,26
3049,26
3049,25
3049,25
3061,14615
3087,4733
3087,130
3087,127
3087,124
3087,100
3087,98
3087,89
3087,39
3087,31
3087,26
3087,25
3087,25
3087,25
3087,25
3087,25
3102,61
3102,26
3102,26
3102,26
3102,25
3103,130
3103,91
3103,26
3109,7812
3109,990
3109,136
3109,119
3109,89
3109,42
3109,42
3109,42
3109,31
3109,31
3109,31
3109,31
3110,155
3110,127
3110,124
3110,91
3110,26
3273,26
3300,61
3300,42
3300,26
3304,129
3304,127
3304,91
3304,31
3304,31
3304,31
3304,26
3368,155
3368,39
3368,31
3368,31
3368,26
3368,25
3368,25
3378,31
3378,26
3378,26
3378,26
3378,25
3379,25
3379,25
3381,31
3384,130
3384,31
3384,31
3384,25
3388,212
3388,31
3388,31
3388,25
3412,124
3412,42
3412,31
3412,26
3431,225
3431,91
3431,89
3431,89
3431,61
3431,61
3431,42
3431,31
3431,26
3431,26
3431,26
3431,26
3431,26
3431,26
3431,26
3431,25
3446,228
3446,39
3446,25
3447,145
3447,145
3447,26
3447,25
3447,25
3462,4614
3462,119
3462,39
3462,31
3462,31
3462,26
3462,25
3463,412
3463,115
3463,115
3463,39
3463,31
3463,31
3463,26
3463,25
3464,1001
3464,182
3464,100
3464,91
3464,89
3464,61
3464,26
3464,25
3465,123
3465,25
3466,155
3466,123
3466,31
3466,31
3466,26
3466,25
3466,25
3466,25
3467,412
3467,194
3467,61
3467,42
3467,42
3467,39
3467,26
3467,26
3467,26
3467,26
3467,26
3467,25
3467,25
3473,127
3473,98
3473,91
3473,89
3473,42
3473,42
3473,42
3473,42
3473,39
3473,39
3473,39
3473,39
3473,39
3473,31
3473,31
3476,42
3478,194
3478,39
3478,31
3478,31
3478,26
3478,26
3478,26
3478,25
3478,25
3483,127
3483,119
3483,91
3483,31
3483,25
3507,1650
3507,31
3507,31
3507,26
3507,26
3507,26
3507,25
3507,25
3559,136
3559,124
3559,42
3559,26
3559,25
3562,17224
3562,225
3562,136
3562,129
3562,98
3562,98
3562,39
3562,31
3562,31
3562,26
3562,25
3579,129
3579,115
3579,91
3579,42
3581,130
3581,39
3581,26
3581,25
3586,25
3586,25
3590,194
3590,100
3590,61
3590,61
3590,42
3590,39
3590,39
3590,39
3636,225
3636,130
3636,129
3636,123
3636,115
3636,98
3636,98
3636,91
3648,11584
3648,26
3648,25
3656,61
3656,42
3679,2870
3679,225
3679,98
3679,31
3679,31
3679,31
3679,31
3679,31
3679,26
3679,25
3682,1401
3682,725
3682,145
3682,129
3682,129
3682,100
3682,89
3682,89
3685,571
3685,119
3685,91
3685,61
3685,42
3685,39
3685,39
3685,39
3685,31
3685,31
3685,31
3685,31
3686,98
3686,31
3686,26
3686,25
3690,115
3690,39
3690,25
3690,25
3690,25
3692,91
3692,42
3692,42
3692,39
3692,39
3692,31
3692,31
3692,26
3692,25
3698,260
3698,98
3698,89
3698,39
3698,31
3698,26
3698,26
3698,26
3698,25
3698,25
3710,39
3710,39
3710,26
3710,25
3711,412
3711,100
3711,98
3711,91
3711,91
3711,89
3711,89
3711,61
3711,39
3711,31
3711,31
3711,26
3711,26
3711,26
3711,26
3711,26
3711,26
3711,25
3711,25
3711,25
3711,25
3717,42
3717,25
3717,25
3717,25
3750,91
3750,42
3750,42
3750,42
3750,42
3750,42
3750,31
3750,31
3750,26
3750,25
3757,225
3757,91
3757,39
3757,26
3757,25
3758,1118
3758,98
3758,39
3758,39
3758,39
3758,31
3758,31
3758,31
3758,26
3758,25
3758,25
3759,89
3759,39
3759,39
3759,39
3759,25
3760,212
3760,129
3760,91
3762,31
3762,31
3762,31
3762,25
3763,39
3763,39
3763,39
3763,26
3763,26
3763,25
3763,25
3764,155
3764,100
3764,39
3764,39
3764,31
3764,26
3805,100
3805,98
3805,89
3805,42
3805,39
3805,31
3805,26
3805,26
3805,26
3805,25
3805,25
3832,61
3832,42
3832,39
3832,31
3832,31
3832,25
3832,25
3836,194
3836,127
3836,100
3836,100
3836,61
3836,42
3836,42
3836,42
3858,39
3867,91
3867,42
3867,42
3867,39
3867,39
3867,39
3867,31
3867,31
3867,26
3867,26
3867,26
3867,25
3867,25
3867,25
3867,25
3867,25
3867,25
3869,8163
3869,89
3869,42
3869,42
3869,39
3869,39
3869,39
3869,39
3869,31
3869,31
3869,31
3869,31
3869,31
3869,26
3869,26
3869,26
3869,26
3869,26
3869,25
3869,25
3869,25
3869,25
3869,25
3872,31
3872,26
3872,26
3873,810
3873,123
3873,98
3873,25
3876,6005
3876,228
3876,225
3876,194
3876,136
3876,98
3876,91
3876,61
3876,42
3888,145
3888,25
3972,26
3972,26
3973,31
3973,25
3974,508
3974,61
3974,42
3974,42
3974,42
3974,31
3974,31
3974,25
3977,260
3977,25
3977,25
3980,260
3980,98
3980,91
3980,39
3985,130
3985,124
3985,100
3985,100
3985,98
3985,89
3985,61
3985,42
3985,42
3985,42
3985,42
3985,42
3985,39
4004,115
4005,42
4005,42
4006,31
4006,31
4008,155
4008,115
4008,42
4008,42
4008,31
4008,26
4008,25
4008,25
4008,25
4008,25
4009,39
4009,39
4009,31
4009,26
4009,26
4009,26
4009,26
4009,25
4009,25
4009,25
4009,25
4009,25
4031,155
4031,39
4031,39
4031,26
4069,3133
4069,1118
4069,212
4069,127
4069,91
4069,42
4076,115
4099,136
4099,115
4099,26
4099,26
4122,1025
4122,25
4135,124
4135,31
4135,26
4135,26
4136,136
4136,130
4136,42
4136,42
4136,31
4136,31
4136,26
4136,25
4136,25
4136,25
4137,3613
4137,1211
4137,676
4137,260
4137,182
4137,145
4137,127
4137,115
4137,61
4137,42
4137,42
4137,42
4137,39
4137,39
4137,39
4138,212
4138,42
4138,39
4138,39
4138,39
4138,31
4138,25
4138,25
4138,25
4138,25
4138,25
4138,25
4143,42
4143,26
4143,26
4143,26
4214,1547
4214,225
4214,155
4214,145
4214,130
4214,130
4214,129
4214,123
4214,123
4214,123
4214,123
4214,119
4214,115
4214,115
4214,100
4261,39
4261,39
4264,145
4264,127
4264,31
4264,31
4264,26
4264,25
4264,25
4268,130
4268,127
4268,42
4268,39
4268,31
4268,31
4268,25
4271,145
4271,115
4271,98
4271,61
4271,42
4271,39
4271,26
4271,26
4271,25
4271,25
4325,680
4325,260
4325,61
4325,42
4325,42
4325,39
4325,31
4325,26
4325,25
4325,25
4325,25
4325,25
4339,127
4339,61
4339,31
4339,25
4364,39
4364,25
4373,123
4373,119
4373,31
4373,26
4381,551
4381,228
4381,212
4381,182
4381,165
4381,155
4381,155
4381,145
4381,145
4381,136
4381,136
4395,194
4395,136
4395,129
4395,123
4395,100
4395,98
4406,11566
4406,7128
4406,124
4406,123
4406,91
4406,91
4406,89
4406,61
4407,6342
4407,1180
4407,528
4407,228
4407,129
4407,115
4407,98
4473,3122
4473,155
4473,127
4473,123
4473,123
4473,100
4473,91
4473,61
4473,61
4473,42
4473,39
4473,31
4473,31
4473,31
4507,6002
4507,42
4507,25
4507,25
4516,26
4530,31
4538,61
4538,42
4538,31
4538,26
4538,25
4538,25
4588,1052
4588,127
4588,124
4588,123
4588,98
4588,98
4588,89
4588,61
4591,594
4591,98
4591,26
4591,25
4599,31
4599,25
4600,26
4600,25
4600,25
4625,31
4625,31
4630,518
4630,61
4630,39
4631,129
4631,100
4631,42
4631,39
4631,31
4631,31
4631,26
4631,26
4631,25
4631,25
4631,25
4633,25
4645,124
4645,98
4645,39
4645,25
4645,25
4645,25
4652,115
4656,518
4656,42
4656,39
4656,39
4656,26
4659,31
4659,31
4659,26
4660,39
4660,26
4671,907
4671,676
4671,528
4687,61
4687,39
4687,31
4687,26
4687,25
4687,25
4687,25
4687,25
4687,25
4692,42
4692,26
4692,25
4692,25
4692,25
4701,91
4701,61
4701,26
4701,26
4701,25
4701,25
4708,1697
4708,124
4708,39
4708,31
4708,26
4708,26
4796,129
4796,39
4796,31
4796,26
4799,155
4799,145
4799,61
4799,42
4799,31
4799,31
4799,31
4799,31
4799,26
4799,26
4799,26
4799,26
4799,25
4799,25
4799,25
4806,1214
4806,100
4806,61
4806,31
4806,26
4813,11369
4820,30635
4820,61
4820,42
4820,42
4820,39
4820,26
4820,25
4830,680
4830,31
4830,25
4835,61
4865,124
4865,89
4865,61
4865,42
4865,42
4865,42
4865,39
4865,39
4865,31
4865,31
4865,31
4866,98
4866,42
4866,26
4866,26
4894,182
4894,42
4894,39
4894,26
4894,25
4894,25
4898,129
4898,115
4898,39
4898,31
4900,1025
4900,115
4900,98
4909,39
4909,26
4909,26
4909,25
4909,25
4912,100
4912,31
4912,26
4912,25
4921,145
4921,31
4921,25
4929,810
4929,145
4929,115
4929,100
4929,98
4929,89
4929,42
4929,42
4929,42
4929,42
4929,39
4934,194
4934,129
4934,127
4934,124
4934,123
4934,91
4934,39
4934,39
4934,39
4948,2280
4948,594
4948,155
4948,115
4948,61
4948,39
4948,31
4948,31
4948,31
4948,31
4950,42
4952,2972
4952,91
4952,89
4952,42
4952,39
4952,39
4952,26
4952,26
4953,3006
4953,91
4953,91
4953,39
4953,39
4953,39
4953,31
4953,26
4953,26
4953,26
4953,25
4954,677
4954,26
4955,25
4965,155
4965,129
4965,129
4965,61
4965,31
4965,31
4965,31
4965,26
4965,26
4965,26
4965,25
4965,25
4965,25
4965,25
4978,571
4978,91
4978,89
4978,42
4978,42
4978,26
4978,26
4978,26
4978,25
4978,25
4978,25
4978,25
4978,25
4978,25
4979,61
4979,26
4979,26
4980,260
4980,42
4980,39
4980,39
4980,39
4980,31
4980,31
4980,31
4980,31
4980,26
4980,25
4980,25
4980,25
4980,25
4981,1139
4981,531
4981,228
4981,165
4981,155
4981,145
4981,130
4981,119
4982,124
4982,39
4982,31
4982,31
4982,26
4982,26
4982,25
4982,25
4982,25
4982,25
4982,25
4984,194
4984,31
4984,26
4984,25
4985,42
4985,39
4985,31
4985,26
4985,26
4985,26
4986,91
4986,42
4986,39
4986,31
4986,31
4987,98
4987,61
4987,42
4987,39
4987,31
4987,26
4989,228
4989,42
4989,42
4989,39
4989,31
4989,31
4989,31
4989,31
4989,26
4989,26
4989,26
4989,26
4989,26
4989,26
4989,25
4989,25
4989,25
4989,25
5015,4826
5015,228
5015,123
5015,123
5015,42
5015,39
5015,26
5015,26
5015,26
5038,39
5038,31
5038,26
5038,26
5038,25
5043,7193
5043,129
5043,124
5043,123
5052,3148
5052,25
5053,165
5053,42
5053,39
5053,31
5053,25
5055,3590
5055,212
5055,115
5055,89
5055,42
5055,39
5062,42
5062,26
5062,25
5064,3109
5064,228
5064,115
5064,61
5064,42
5064,39
5064,31
5064,31
5064,26
5064,25
5064,25
5068,42
5068,31
5084,7151
5084,129
5084,31
5084,31
5084,25
5084,25
5091,3026
5091,1025
5091,930
5091,155
5091,61
5091,61
5091,42
5091,26
5091,26
5091,26
5091,26
5091,26
5091,25
5091,25
5093,3043
5093,943
5093,571
5093,155
5093,100
5093,89
5093,61
5093,42
5093,31
5093,26
5093,26
5093,26
5093,25
5093,25
5093,25
5093,25
5093,25
5093,25
5094,225
5094,124
5094,124
5094,42
5094,42
5094,39
5094,39
5094,31
5094,31
5094,31
5094,31
5096,31952
5096,1124
5096,145
5096,130
5096,98
5096,42
5096,39
5096,39
5096,39
5096,39
5096,31
5096,31
5096,31
5096,31
5096,25
5107,13005
5107,2186
5107,1139
5107,1139
5107,677
5107,225
5107,212
5107,194
5107,165
5107,155
5107,130
5113,119
5113,115
5113,89
5113,42
5113,31
5113,31
5113,31
5113,31
5113,26
5113,26
5113,25
5113,25
5128,145
5128,39
5128,39
5128,26
5129,7151
5129,862
5129,551
5129,528
5129,194
5129,145
5129,145
5129,130
5129,130
5129,129
5129,127
5129,127
5129,115
5130,565
5130,212
5130,42
5130,26
5139,155
5139,119
5139,115
5139,89
5139,61
5139,61
5139,42
5139,42
5139,31
5139,31
5139,31
5139,26
5139,25
5139,25
5139,25
5148,3018
5148,100
5148,91
5148,91
5148,61
5148,42
5148,42
5148,42
5148,26
5148,25
5148,25
5148,25
5157,26
5157,25
5158,31
5158,26
5159,25
5160,165
5160,26
5160,25
5161,31
5166,39
5167,26
5167,26
5167,25
5167,25
5168,1470
5168,42
5168,31
5168,31
5168,31
5168,26
5171,136
5171,100
5171,39
5171,39
5171,31
5171,26
5171,25
5174,100
5174,42
5174,42
5174,39
5174,31
5174,26
5174,26
5174,26
5175,25
5176,26
5180,42
5180,31
5180,25
5181,42
5181,31
5182,11781
5182,130
5182,31
5182,26
5186,98
5186,98
5186,39
5186,25
5187,89
5187,31
5190,89
5190,61
5190,42
5190,39
5190,26
5190,25
5191,8495
5191,100
5191,91
5191,91
5191,26
5191,26
5191,25
5196,130
5196,26
5196,25
5197,810
5197,42
5197,39
5197,31
5197,26
5197,26
5197,26
5197,25
5197,25
5198,3096
5198,136
5198,39
5198,25
5198,25
5198,25
5203,61
5203,61
5203,31
5203,31
5203,31
5203,26
5203,26
5203,26
5204,7189
5204,943
5204,89
5204,42
5204,42
5204,39
5204,26
5205,100
5205,31
5205,25
5205,25
5211,119
5211,61
5211,42
5211,39
5211,31
5211,31
5211,31
5211,26
5211,26
5211,26
5211,25
5211,25
5211,25
5211,25
5211,25
5211,25
5246,3082
5246,182
5246,182
5246,155
5246,129
5246,100
5246,61
5246,61
5246,42
5246,39
5246,26
5246,26
5246,26
5246,25
5246,25
5246,25
5246,25
5289,145
5289,26
5289,26
5289,25
5296,165
5296,127
5296,31
5296,26
5296,26
5296,25
5297,2968
5297,225
5297,165
5297,130
5297,123
5297,123
5306,61
5306,42
5306,42
5308,412
5308,130
5308,123
5308,115
5308,100
5308,89
5308,61
5308,42
5308,39
5308,31
5326,12436
5326,2270
5326,225
5326,165
5326,165
5326,130
5326,129
5326,123
5326,115
5326,100
5326,91
5326,91
5326,89
5338,7463
5338,129
5338,39
5338,39
5338,26
5338,26
5338,25
5344,165
5344,124
5344,42
5344,42
5344,31
5344,26
5344,26
5344,25
5344,25
5344,25
5345,136
5345,26
5345,25
5345,25
5345,25
5346,145
5346,39
5346,26
5347,39
5347,26
5347,26
5347,26
5348,3067
5348,680
5348,89
5348,31
5348,25
5349,165
5349,39
5349,31
5349,26
5349,26
5349,25
5349,25
5349,25
5350,17861
5350,100
5350,31
5350,26
5351,930
5351,42
5351,39
5351,31
5352,165
5352,39
5352,39
5352,31
5352,31
5354,950
5354,127
5354,39
5354,26
5354,26
5354,26
5354,25
5355,145
5355,42
5355,42
5355,26
5355,26
5355,25
5355,25
5356,11338
5356,127
5356,42
5356,26
5356,26
5356,26
5356,25
5356,25
5357,123
5357,61
5357,39
5357,39
5357,31
5357,25
5358,2988
5358,1180
5358,551
5358,31
5358,31
5358,26
5358,25
5358,25
5358,25
5358,25
5358,25
5358,25
5359,91
5359,31
5359,26
5359,25
5359,25
5360,61
5360,42
5360,31
5360,31
5360,25
5360,25
5360,25
5360,25
5364,1517
5364,677
5364,130
5364,98
5364,61
5364,61
5367,11328
5367,136
5367,89
5367,25
5368,61
5368,31
5369,26
5413,680
5413,31
5413,26
5439,123
5439,42
5439,42
5439,39
5439,39
5439,39
5439,31
5439,31
5439,31
5439,31
5439,26
5439,26
5452,518
5452,260
5452,145
5452,100
5452,42
5452,31
5452,31
5452,25
5452,25
5453,679
5453,127
5453,39
5453,26
5453,25
5453,25
5454,13018
5454,39
5454,39
5454,31
5454,26
5454,26
5454,25
5454,25
5454,25
5454,25
5454,25
5454,25
5472,182
5472,115
5472,31
5472,25
5479,129
5479,119
5479,61
5479,26
5481,124
5481,98
5508,100
5508,61
5508,25
5509,89
5509,61
5509,31
5509,25
5509,25
5517,182
5517,123
5517,42
5517,42
5526,3084
5526,129
5526,42
5526,42
5526,39
5526,39
5526,39
5526,31
5527,260
5527,39
5527,39
5527,39
5527,26
5527,26
5527,25
5527,25
5527,25
5527,25
5544,39
5544,31
5544,26
5548,4533
5548,145
5548,115
5548,98
5548,42
5548,31
5548,26
5548,25
5559,100
5571,2319
5571,25
5575,260
5575,26
5575,25
5659,1556
5659,212
5659,129
5659,61
5659,42
5659,39
5659,31
5693,531
5693,31
5693,25
5695,136
5695,42
5695,31
5695,26
5695,25
5697,127
5697,61
5697,39
5720,7471
5720,145
5720,119
5720,31
5720,25
5752,31
5752,25
5752,25
5755,29621
5755,531
5755,61
5755,39
5755,26
5755,26
5755,26
5759,124
5759,123
5759,100
5759,100
5759,91
5759,61
5787,123
5787,42
5787,31
5787,31
5787,26
5797,3176
5797,194
5797,155
5797,130
5797,129
5797,119
5797,119
5797,98
5797,61
5797,31
5797,31
5797,26
5797,26
5797,26
5797,25
5797,25
5805,91
5805,89
5805,61
5805,61
5805,42
5805,39
5805,39
5805,39
5805,31
5805,31
5805,31
5805,31
5805,31
5809,98
5809,26
5809,26
5809,25
5809,25
5826,3159
5826,1682
5826,228
5826,127
5826,100
5826,100
5826,61
5826,61
5826,42
5826,42
5826,39
5826,31
5826,31
5826,31
5826,26
5826,26
5826,25
5845,228
5845,25
5845,25
5845,25
5849,25
5849,25
5849,25
5849,25
5872,12949
5872,42
5872,42
5872,39
5872,39
5872,26
5872,25
5872,25
5872,25
5890,4322
5890,130
5890,129
5890,123
5890,39
5890,39
5890,39
5890,26
5890,26
5907,20160
5907,1557
5907,1002
5907,528
5932,39
5932,39
5932,31
5932,31
5932,31
5932,26
5932,25
5942,26
5942,25
5946,127
5946,42
5946,39
5946,39
5946,26
5954,42
5954,42
5954,39
5954,25
5954,25
6138,42
6138,42
6138,39
6138,39
6138,39
6138,31
6138,31
6138,25
6138,25
6149,1470
6149,260
6149,124
6149,98
6149,89
6149,89
6149,89
6149,61
6149,61
6150,194
6150,61
6150,42
6150,31
6150,26
6150,26
6150,26
6150,25
6150,25
6159,25
6185,2948
6185,2383
6185,909
6185,260
6185,212
6185,182
6185,165
6185,136
6185,130
6185,127
6185,127
6185,124
6185,124
6192,182
6192,42
6192,39
6192,31
6192,26
6192,26
6192,26
6192,25
6192,25
6193,61
6193,25
6193,25
6194,39
6194,31
6194,31
6194,31
6259,3950
6259,145
6259,115
6259,39
6259,26
6259,25
6288,1270
6288,260
6288,155
6288,123
6288,91
6294,1277
6294,928
6294,129
6294,123
6294,98
6294,89
6294,61
6294,42
6295,124
6295,61
6295,61
6295,61
6295,39
6295,26
6295,26
6295,25
6310,182
6310,123
6310,119
6310,115
6310,91
6310,91
6310,61
6310,61
6310,61
6310,61
6319,971
6319,963
6319,786
6319,145
6319,136
6319,129
6319,129
6319,100
6319,89
6319,61
6319,61
6319,61
6319,42
6319,42
6319,39
6327,412
6327,145
6327,61
6327,42
6327,42
6327,39
6327,39
6327,39
6327,39
6328,42
6328,31
6328,26
6328,25
6328,25
6334,412
6334,228
6334,155
6334,130
6334,127
6334,119
6334,115
6334,91
6334,89
6334,89
6334,89
6419,212
6419,155
6419,100
6419,31
6419,31
6419,25
6419,25
6420,100
6420,91
6420,42
6420,26
6420,25
6422,165
6422,127
6422,123
6422,42
6422,39
6422,39
6422,31
6422,31
6422,31
6422,25
6422,25
6422,25
6423,12262
6423,518
6423,127
6423,115
6423,98
6423,39
6423,31
6423,26
6423,26
6423,25
6423,25
6424,119
6424,115
6424,42
6424,39
6424,31
6424,31
6424,31
6424,26
6424,25
6424,25
6424,25
6424,25
6425,100
6425,31
6425,26
6425,25
6425,25
6425,25
6425,25
6426,42
6426,26
6426,25
6427,155
6427,115
6427,39
6427,39
6427,26
6427,26
6427,26
6427,25
6440,115
6440,115
6440,100
6440,91
6440,61
6440,42
6440,39
6440,31
6440,26
6440,26
6440,25
6462,145
6462,136
6462,26
6462,26
6514,155
6514,129
6514,123
6514,115
6514,115
6514,100
6514,91
6514,89
6514,61
6520,91
6526,39
6528,39
6528,26
6530,115
6530,31
6530,26
6531,127
6534,1654
6534,165
6534,145
6534,100
6534,91
6534,31
6534,31
6534,26
6534,26
6534,25
6537,98
6537,42
6537,31
6538,13533
6538,228
6538,182
6538,31
6538,31
6538,31
6539,165
6539,123
6539,123
6539,25
6539,25
6541,225
6541,182
6541,119
6541,100
6541,89
6541,31
6541,26
6541,25
6551,42
6551,31
6551,25
6551,25
6554,31
6572,25
6588,165
6588,39
6588,31
6588,26
6588,26
6588,25
6596,129
6596,42
6596,31
6596,26
6596,25
6596,25
6613,39
6613,25
6614,182
6614,31
6614,26
6614,25
6628,123
6628,61
6628,39
6628,39
6628,31
6628,31
6628,26
6628,25
6628,25
6656,873
6656,145
6656,136
6656,136
6656,127
6656,100
6656,91
6656,61
6656,42
6656,42
6656,39
6656,39
6656,31
6656,31
6656,26
6656,26
6656,25
6656,25
6656,25
6656,25
6656,25
6656,25
6656,25
6656,25
6656,25
6667,123
6667,31
6667,26
6667,25
6670,4824
6670,39
6670,31
6670,26
6670,25
6670,25
6671,39
6671,25
6678,129
6678,100
6678,39
6678,39
6678,26
6687,39
6687,31
6687,26
6689,1517
6689,1218
6689,129
6689,91
6689,91
6689,61
6689,61
6690,42
6690,39
6690,26
6690,26
6690,26
6690,26
6690,25
6693,27537
6693,119
6693,42
6693,39
6693,39
6693,31
6693,31
6693,26
6693,26
6693,26
6693,26
6693,25
6694,127
6694,42
6694,42
6694,31
6694,26
6697,100
6697,31
6697,26
6708,155
6708,42
6708,39
6708,25
6709,100
6709,26
6709,25
6709,25
6748,61
6748,39
6748,31
6748,31
6748,26
6749,11323
6749,136
6749,39
6749,26
6750,39
6750,25
6750,25
6750,25
6751,42
6751,31
6751,31
6751,31
6751,26
6751,26
6751,26
6751,25
6751,25
6753,42
6753,42
6753,31
6753,31
6753,25
6759,3014
6759,412
6759,194
6759,130
6759,129
6759,119
6759,115
6759,100
6759,42
6759,42
6759,39
6759,31
6759,31
6819,127
6819,31
6819,31
6820,26
6820,26
6820,26
6820,25
6853,260
6853,182
6853,123
6853,100
6853,61
6853,42
6853,42
6853,39
6853,39
6853,39
6853,39
6854,165
6854,119
6854,115
6854,100
6854,61
6854,61
6854,42
6854,42
6854,42
6854,39
6854,25
6854,25
6858,194
6858,155
6858,124
6858,61
6858,39
6858,31
6858,31
6858,31
6858,26
6858,26
6858,26
6858,25
6862,100
6862,61
6862,39
6862,39
6862,31
6862,26
6862,25
6867,2962
6867,518
6867,508
6867,130
6867,98
6867,91
6867,91
6870,136
6870,61
6870,26
6870,26
6870,25
6870,25
6872,26
6872,26
6872,25
6882,39
6882,31
6900,165
6900,165
6900,127
6900,123
6900,100
6900,61
6952,518
6952,136
6952,127
6952,100
6952,61
6952,42
6952,39
6952,39
6952,31
6952,31
6952,26
6952,26
6952,25
6952,25
6952,25
6952,25
6969,3047
6969,127
6969,89
6969,89
6969,89
6969,89
6976,31
6976,26
6976,25
6976,25
6976,25
7035,89
7035,26
7035,25
7035,25
7036,155
7036,42
7036,31
7036,26
7036,26
7036,25
7036,25
7039,61
7039,42
7039,42
7039,26
7039,26
7039,25
7053,136
7053,129
7053,39
7053,39
7053,39
7053,31
7058,594
7058,31
7058,26
7061,3140
7061,129
7061,115
7061,115
7061,42
7061,42
7061,31
7061,31
7061,31
7061,31
7061,26
7061,26
7061,25
7062,15592
7062,127
7062,26
7069,130
7069,127
7069,119
7069,115
7069,91
7069,42
7069,42
7069,39
7069,31
7069,26
7069,26
7069,26
7069,26
7069,26
7069,25
7069,25
7073,25
7073,25
7081,7103
7081,182
7081,89
7081,31
7081,26
7082,194
7082,155
7082,130
7082,127
7082,98
7082,91
7082,61
7082,61
7082,42
7082,42
7082,42
7082,42
7082,42
7082,39
7082,39
7082,39
7082,39
7126,7185
7126,194
7126,165
7126,145
7126,119
7126,100
7126,98
7126,98
7126,91
7126,89
7144,4609
7144,136
7144,130
7144,130
7144,129
7144,127
7144,124
7144,119
7144,119
7144,98
7144,98
7144,98
7144,91
7144,89
7184,26
7186,11799
7186,123
7186,89
7190,2563
7190,1747
7190,1025
7190,520
7190,225
7190,115
7190,100
7190,98
7190,89
7190,42
7190,42
7190,39
7194,31
7194,26
7194,25
7194,25
7194,25
7199,91
7199,42
7199,39
7199,26
7201,98
7201,31
7214,39
7214,26
7214,26
7214,26
7244,1025
7244,165
7244,129
7244,127
7244,124
7244,123
7244,119
7244,91
7244,61
7244,61
7252,31
7329,165
7329,61
7329,42
7329,31
7329,31
7329,26
7329,25
7332,165
7332,165
7332,155
7332,129
7332,91
7332,42
7332,39
7354,194
7354,115
7354,61
7354,42
7354,39
7354,26
7354,26
7354,26
7354,25
7354,25
7354,25
7354,25
7354,25
7354,25
7354,25
7354,25
7354,25
7389,129
7389,100
7389,98
7389,31
7389,25
7432,136
7432,115
7432,42
7432,31
7432,25
7433,2946
7433,39
7433,31
7437,1512
7437,98
7437,98
7437,42
7437,42
7437,39
7437,39
7437,26
7437,26
7437,26
7437,25
7437,25
7437,25
7437,25
7442,145
7442,89
7442,39
7442,31
7442,26
7442,25
7445,4738
7445,2836
7445,2094
7445,225
7445,182
7445,136
7445,129
7445,123
7445,89
7455,6065
7455,127
7455,39
7455,26
7493,119
7493,31
7493,25
7493,25
7494,42
7494,39
7494,31
7494,31
7494,26
7510,123
7510,119
7510,39
7510,25
7520,123
7520,42
7520,39
7520,25
7531,129
7531,123
7531,26
7572,7146
7572,1001
7572,31
7572,25
7572,25
7579,14600
7579,91
7588,3039
7588,89
7588,42
7588,39
7588,39
7588,31
7588,26
7588,25
7588,25
7588,25
7603,100
7603,91
7603,89
7603,89
7603,61
7603,42
7603,39
7603,39
7603,31
7603,31
7603,31
7603,26
7603,26
7603,25
7603,25
7603,25
7603,25
7604,1006
7604,679
7604,212
7604,129
7604,129
7604,124
7604,100
7604,98
7604,89
7604,61
7604,61
7604,61
7613,1211
7613,228
7613,212
7613,165
7624,13367
7624,909
7624,679
7624,225
7624,212
7624,165
7624,155
7624,145
7624,145
7624,136
7624,130
7624,129
7624,127
7624,123
7624,119
7628,39
7628,31
7628,26
7628,25
7628,25
7661,127
7661,100
7661,31
7661,26
7661,26
7663,25
7667,130
7667,98
7667,42
7667,25
7667,25
7667,25
7668,39
7668,39
7668,31
7669,130
7669,31
7669,26
7669,25
7669,25
7669,25
7669,25
7669,25
7669,25
7670,145
7670,91
7670,42
7670,39
7670,39
7670,31
7670,31
7670,31
7670,25
7672,124
7672,98
7672,42
7672,31
7672,31
7672,31
7672,26
7672,25
7673,42
7673,31
7673,31
7673,26
7673,26
7673,26
7675,42
7675,42
7675,39
7675,26
7675,26
7675,26
7675,25
7677,2995
7677,2961
7677,1547
7677,551
7677,260
7677,155
7677,127
7677,119
7677,100
7677,100
7677,91
7677,42
7677,39
7679,61
7679,42
7679,25
7682,26
7707,2166
7707,26
7714,39
7714,26
7714,26
7714,25
7714,25
7714,25
7723,1256
7723,518
7723,39
7723,31
7723,25
7728,61
7728,61
7728,42
7728,31
7728,26
7728,25
7728,25
7728,25
7733,228
7733,127
7733,123
7733,98
7733,98
7733,91
7733,61
7745,145
7745,98
7745,61
7745,42
7745,42
7745,42
7745,39
7745,31
7745,26
7745,26
7745,26
7745,25
7763,119
7763,98
7763,61
7763,61
7763,42
7763,42
7763,42
7763,39
7769,42
7769,26
7769,26
7769,25
7770,124
7770,123
7770,123
7770,61
7770,39
7770,31
7770,26
7770,26
7770,26
7770,26
7770,25
7770,25
7779,679
7779,518
7779,260
7779,31
7779,26
7779,25
7779,25
7780,39
7784,551
7784,155
7784,123
7784,119
7784,39
7784,39
7784,31
7784,26
7784,25
7784,25
7784,25
7784,25
7784,25
7784,25
7785,61
7785,42
7785,31
7785,25
7797,26
7797,25
7797,25
7797,25
7805,1237
7805,165
7805,145
7805,89
7805,89
7805,42
7805,42
7805,31
7805,25
7815,1679
7815,123
7815,39
7815,31
7815,31
7815,31
7815,31
7815,26
7815,26
7815,26
7815,26
7815,25
7815,25
7815,25
7815,25
7869,2041
7869,98
7869,91
7869,89
7869,42
7869,26
7869,26
7869,25
7869,25
7882,194
7882,129
7882,61
7882,61
7882,31
7882,31
7882,26
7882,26
7882,26
7882,26
7882,26
7882,25
7882,25
7909,15912
7911,25
7926,12081
7926,182
7926,155
7926,129
7926,119
7926,42
7926,39
7926,31
7926,25
7926,25
7967,98
7967,98
7967,39
7967,39
7967,39
7967,31
7967,26
7967,26
7967,26
7967,26
7967,26
7967,26
7967,26
7967,26
7967,26
7967,25
7967,25
7967,25
7967,25
7967,25
7968,26
7973,91
7973,42
7973,39
7973,39
7973,31
7973,31
7973,31
7973,26
7973,26
7973,26
7973,25
7979,127
7979,39
7980,91
7980,31
7980,26
7980,25
7981,930
7981,260
7981,119
7981,26
7981,26
7983,130
7983,91
7983,25
7987,89
7987,31
7987,26
7987,25
7993,129
7993,91
7993,42
7993,25
7993,25
7993,25
7993,25
7996,3690
7996,136
7996,130
7996,91
7996,42
7996,39
7996,26
7996,26
7996,26
7996,26
7996,25
7996,25
7996,25
7996,25
7996,25
7998,129
7998,119
7998,91
7998,39
7998,39
7998,31
7999,810
7999,119
7999,89
7999,61
7999,61
7999,61
8073,531
8073,212
8073,98
8073,39
8073,31
8073,26
8073,26
8073,26
8073,26
8073,26
8073,25
8073,25
8087,194
8087,145
8087,119
8087,119
8087,31
8087,25
8088,725
8088,551
8088,61
8088,42
8088,31
8088,31
8088,31
8088,26
8088,25
8088,25
8088,25
8088,25
8088,25
8089,8193
8089,39
8089,39
8089,26
8089,26
8089,26
8089,25
8127,3489
8127,225
8127,155
8127,145
8127,136
8127,119
8127,119
8127,115
8127,115
8127,98
8127,89
8155,31
8155,26
8155,25
8172,31
8248,228
8248,123
8248,98
8248,42
8248,42
8248,39
8248,31
8248,31
8248,26
8248,26
8248,26
8248,26
8252,228
8252,165
8252,39
8252,39
8252,31
8252,31
8252,26
8252,25
8253,260
8253,145
8253,31
8253,31
8253,26
8282,260
8282,129
8282,123
8282,42
8282,39
8282,39
8282,31
8282,26
8282,25
8282,25
8282,25
8282,25
8296,91
8296,39
8296,26
8337,145
8337,136
8337,98
8337,61
8337,61
8337,61
8337,42
8337,39
8492,26
8515,100
8515,39
8515,31
8515,26
8600,3032
8600,61
8600,31
8600,31
8600,31
8600,26
8600,25
8646,115
8646,31
8646,26
8647,1065
8647,42
8647,39
8647,31
8647,25
8648,3062
8648,1109
8648,225
8648,100
8648,31
8648,26
8648,26
8648,26
8648,25
8648,25
8650,1679
8650,677
8650,212
8650,115
8650,100
8650,98
8650,39
8650,26
8650,26
8650,25
8676,25
8682,100
8682,25
8694,3034
8694,129
8694,100
8694,39
8694,39
8694,31
8694,26
8694,25
8694,25
8694,25
8695,3029
8695,1139
8695,260
8695,225
8695,130
8695,98
8695,89
8695,89
8695,42
8695,39
8695,39
8695,31
8695,31
8695,31
8695,31
8695,31
8696,12668
8696,129
8696,39
8696,31
8696,26
8696,25
8698,3087
8698,1650
8698,165
8698,123
8698,119
8698,115
8698,98
8698,39
8698,39
8698,31
8698,26
8698,26
8698,25
8698,25
8698,25
8698,25
8725,123
8725,25
8732,155
8732,89
8732,89
8732,61
8732,42
8732,42
8732,31
8745,124
8745,25
8765,145
8765,129
8765,115
8765,26
8765,25
8852,225
8852,165
8852,155
8852,136
8852,129
8852,98
8852,98
8852,91
8852,61
8852,61
8852,61
8852,61
8908,31975
8908,3105
8908,3014
8908,136
8908,136
8908,127
8908,124
8908,124
8908,123
8908,100
8908,91
8908,91
8909,2939
8909,165
8909,129
8909,100
8909,91
8909,39
8909,39
8909,39
8914,260
8914,31
8921,225
8921,129
8921,127
8921,124
8921,119
8921,115
8921,61
8921,39
8921,39
8921,39
8948,124
8949,130
8949,42
8949,25
8951,130
8951,129
8951,124
8951,89
8951,61
8951,42
8952,130
8952,31
8953,39
8953,26
8953,25
8957,225
8957,124
8957,39
8957,25
8960,26
8962,194
8962,115
8962,31
8962,25
8962,25
8963,228
8963,136
8963,31
8964,123
8964,61
8964,26
8964,25
8965,225
8965,155
8965,130
8965,127
8965,26
8965,25
8965,25
8966,136
8967,165
8967,89
8967,25
8968,145
8968,25
9010,98
9010,91
9010,31
9010,26
9010,25
9013,8181
9013,25
9014,5020
9014,31
9014,26
9014,26
9014,26
9014,25
9014,25
9282,5955
9282,98
9298,26
9300,31412
9300,91
9300,31
9301,42
9301,26
9301,26
9301,26
9301,25
9302,61
9302,25
9303,7285
9303,26
9328,165
9328,123
9328,119
9328,91
9328,42
9328,42
9328,39
9328,31
9328,31
9328,31
9328,31
9328,31
9355,123
9355,26
9370,3083
9370,130
9370,39
9375,42
9375,42
9375,31
9375,31
9375,31
9375,31
9375,26
9375,25
9375,25
9416,130
9416,91
9416,91
9416,61
9416,42
9416,39
9416,39
9416,31
9416,31
9416,31
9416,31
9416,31
9417,89
9417,42
9417,39
9417,26
9417,26
9417,26
9417,25
9418,515
9418,212
9418,42
9418,39
9418,31
9418,26
9418,26
9418,25
9418,25
9419,676
9419,100
9419,100
9419,91
9419,42
9419,39
9419,31
9419,26
9420,518
9420,412
9420,260
9420,42
9420,39
9420,39
9420,31
9420,25
9420,25
9454,119
9454,26
9475,124
9475,42
9475,31
9475,26
9475,26
9475,25
9475,25
9503,98
9503,98
9503,39
9503,39
9503,39
9503,31
9503,25
9516,3597
9516,91
9516,89
9516,42
9516,42
9516,39
9517,680
9517,571
9517,127
9517,115
9517,61
9517,42
9517,26
9517,25
9517,25
9522,165
9522,91
9522,31
9522,26
9522,25
9526,61
9526,26
9526,25
9530,61
9530,31
9530,25
9531,31
9531,31
9532,136
9532,91
9532,61
9532,61
9532,42
9532,39
9532,39
9532,31
9532,31
9532,31
9532,31
9532,26
9532,26
9532,26
9532,25
9532,25
9532,25
9532,25
9532,25
9534,31
9534,31
9534,26
9534,26
9534,26
9534,25
9539,2563
9539,228
9539,127
9539,91
9539,61
9539,61
9539,39
9539,31
9539,26
9539,26
9539,25
9539,25
9539,25
9549,3118
9549,129
9549,31
9549,26
9555,228
9555,123
9555,42
9555,25
9555,25
9557,89
9557,42
9557,42
9557,31
9557,31
9557,26
9557,26
9557,25
9557,25
9566,212
9566,42
9566,39
9566,31
9566,31
9566,25
9566,25
9567,98
9570,39
9589,2992
9589,91
9589,31
9589,26
9589,26
9589,25
9589,25
9590,130
9590,42
9590,26
9590,25
9592,212
9592,124
9592,42
9592,31
9592,31
9592,26
9592,26
9592,26
9592,26
9592,25
9593,115
9593,100
9593,98
9593,91
9593,42
9593,31
9593,31
9593,26
9593,25
9593,25
9593,25
9593,25
9593,25
9594,115
9594,26
9594,26
9594,26
9595,31
9595,26
9595,25
9595,25
9595,25
9597,136
9597,42
9597,42
9597,39
9597,25
9597,25
9598,42
9598,39
9598,26
9598,26
9601,15053
9601,194
9601,39
9601,25
9646,124
9646,42
9646,39
9646,31
9646,26
9646,25
9648,89
9648,42
9648,26
9650,61
9650,42
9650,39
9650,31
9650,31
9650,25
9650,25
9650,25
9654,61
9654,42
9654,42
9654,39
9654,25
9654,25
9654,25
9712,212
9712,89
9712,39
9712,39
9712,39
9717,1880
9717,155
9717,119
9717,98
9717,98
9717,91
9717,89
9717,61
9717,42
9717,42
9717,42
9717,39
9717,39
9717,39
9717,39
9742,3161
9742,129
9742,89
9742,42
9742,42
9742,39
9742,39
9742,31
9742,26
9742,25
9742,25
9777,129
9777,115
9777,89
9777,61
9777,61
9777,42
9777,39
9777,39
9777,39
9784,127
9784,39
9784,39
9784,31
9784,31
9784,26
9784,26
9784,25
9784,25
9791,3119
9791,89
9791,61
9791,61
9791,42
9791,39
9791,31
9791,31
9791,31
9791,31
9799,136
9799,61
9799,25
9804,42
9804,31
9804,31
9804,26
9804,26
9804,25
9804,25
9804,25
9809,1685
9809,260
9809,228
9809,42
9809,39
9809,31
9809,31
9809,26
9809,26
9809,26
9809,25
9809,25
9809,25
9809,25
9809,25
9820,61
9820,39
9820,26
9822,182
9822,61
9822,42
9822,39
9822,31
9822,26
9822,26
9822,26
9822,26
9822,25
9822,25
9822,25
9822,25
9822,25
9827,42
9827,39
9827,25
9827,25
9833,89
9833,42
9833,39
9833,39
9833,31
9833,26
9833,26
9838,136
9838,39
9838,31
9838,31
9838,26
9838,26
9844,565
9844,129
9844,91
9844,26
9844,26
9844,25
9854,26
9854,25
9864,25
9864,25
9865,25
9865,25
9912,26
9912,25
9913,31
9913,31
9913,25
9914,26
9915,61
9915,42
9915,39
9915,39
9915,25
9915,25
9957,61
9957,26
9957,26
9957,25
9957,25
9957,25
9998,89
9998,39
9998,26
9998,26
9998,25
9998,25
